x,value
-0.1,-0.099833416646828152306
-0.2,-0.19866933079506121546
-0.5,-0.47942553860420300026
-1.0,-0.84147098480789650666
-2.0,-0.90929742682568169542
0.1,0.099833416646828152306
0.2,0.19866933079506121546
0.5,0.47942553860420300026
2.0,0.90929742682568169542
3.0,0.14112000805986722209
10.0,-0.54402111088936977360
